contract,price_at_buy_date,date_of_buy,amount,transaction_id
UNI,463475.12,11/25/2020,352023.784287,1
ETH,40845.6,8/5/2022,770126.985675,2
LTC,364405.28,5/25/2020,535434.271574,3
LTC,273054.15,4/3/2010,174613.156045,4
ADA,1939.19,12/24/2018,383791.405846,5
ADA,809120.31,7/14/2011,979556.617879,6
BCH,17252.29,7/29/2021,741147.217678,7
XRP,389626.79,7/19/2017,491089.357847,8
DOT,579396.28,11/29/2021,276020.047275,9
UNI,240861.11,9/26/2015,600308.834259,10
BCH,49881.29,8/16/2012,204964.708548,11
DOGE,360428.73,9/2/2020,720851.623767,12
BTC,685597.65,7/18/2016,481010.810142,13
BNB,54850.4,5/26/2022,228291.671691,14
UNI,657845.65,2/27/2020,541821.862343,15
DOT,33030.44,11/18/2022,302116.521073,16
LTC,70127.15,7/20/2011,892040.559413,17
UNI,259227.12,9/29/2015,64037.576561,18
ADA,348411.34,7/27/2011,914301.939863,19
DOGE,852514.35,9/13/2012,376273.807009,20
BTC,93991.6,4/22/2011,931507.161777,21
BNB,908786.84,12/24/2022,482390.186179,22
DOT,134009.69,12/18/2013,755505.282639,23
BCH,955164.82,12/21/2014,938272.766361,24
BNB,167229.22,5/15/2010,524402.487939,25
XRP,262010.39,5/21/2011,688744.495822,26
XRP,80289.91,5/27/2015,666771.259551,27
BNB,794878.85,9/6/2013,493417.053591,28
BCH,996785.47,7/7/2013,51285.039375,29
ADA,941894.81,3/31/2016,120391.381142,30
DOT,544385.8,11/18/2011,427709.074621,31
ADA,350125.19,5/24/2010,299824.192073,32
DOGE,47049.03,8/16/2012,776684.189194,33
BCH,854269.03,11/1/2021,929802.172361,34
UNI,437705.22,3/20/2020,372792.242191,35
LTC,848621.73,4/28/2018,792384.696826,36
DOT,368015.31,12/17/2016,783231.268545,37
ETH,528794.56,6/26/2019,280993.53003,38
ADA,62333.41,1/25/2010,23639.936277,39
BCH,297964.54,7/17/2020,699848.259016,40
BCH,569225.03,5/6/2021,11242.586512,41
UNI,994504.96,11/29/2019,419632.004965,42
ETH,481385.71,12/29/2016,573385.99533,43
ETH,666959.98,10/10/2012,845034.121365,44
UNI,355603.11,12/12/2011,921992.39535,45
ADA,321158.15,1/14/2017,725453.300725,46
BNB,627804.98,7/30/2011,882656.451655,47
BCH,545842.64,4/5/2012,861451.185439,48
ADA,523932.37,3/16/2022,986162.998075,49
BNB,544133.84,8/23/2012,242345.584819,50
BTC,506163.83,11/11/2016,962267.918676,51
ETH,799822.03,7/3/2017,966079.313344,52
ADA,927105.26,4/9/2010,138598.306717,53
DOT,330017.11,2/21/2011,197421.849187,54
LTC,730250.67,9/13/2014,40195.744852,55
ADA,825840.68,4/17/2012,128190.969661,56
DOT,217238.95,12/15/2019,946378.178471,57
BTC,847407.27,5/5/2014,506831.252454,58
BNB,837945.5,1/26/2013,229488.443633,59
XRP,267480.55,9/6/2021,420977.8236,60
DOT,515556.89,9/28/2015,976361.223291,61
ETH,189946.55,3/22/2010,440863.153148,62
LTC,837872.46,10/8/2021,204391.177434,63
DOT,975865.16,8/31/2011,861929.796692,64
BCH,448984.2,7/7/2013,757694.674146,65
ADA,112198.73,4/17/2011,110716.699493,66
BCH,892432.13,6/29/2010,698171.088756,67
DOT,913564.29,3/2/2015,258764.243491,68
BCH,217723.24,6/4/2016,194255.57438,69
XRP,279740.11,1/15/2011,100281.038805,70
ETH,516340.39,5/15/2010,254712.121838,71
BTC,430769.18,4/13/2021,269812.191953,72
DOGE,914954.97,12/14/2012,546961.636251,73
DOT,76116.25,2/3/2013,898365.565122,74
UNI,431789.26,6/24/2011,268524.533721,75
BNB,442776.23,4/3/2011,908296.343955,76
UNI,628375.5,2/4/2012,549681.432374,77
DOGE,773417.72,9/5/2014,229469.651917,78
DOGE,22648.29,9/19/2014,603216.252498,79
DOGE,487461.97,1/18/2012,66444.536187,80
DOT,166970.88,5/7/2016,126640.924103,81
BCH,110886.19,7/21/2022,213371.066312,82
UNI,665505.99,2/5/2012,346791.440588,83
LTC,957571.39,7/3/2020,719430.70311,84
DOGE,663760.47,7/25/2010,460246.330832,85
BNB,711963.51,2/2/2021,992456.73216,86
XRP,642623.2,4/13/2021,616034.21334,87
XRP,119110.21,4/12/2020,326959.377272,88
DOT,99410.13,11/30/2020,530947.477122,89
DOT,781435.42,8/21/2020,475201.80978,90
BCH,414954.74,5/11/2016,692731.748697,91
BCH,885915.45,3/2/2021,946378.327742,92
UNI,236005.03,5/15/2017,726135.568449,93
XRP,671452.82,1/2/2015,175514.679928,94
DOT,83924.13,11/3/2010,888590.107428,95
BCH,8438.6,2/2/2016,879451.147276,96
UNI,387953.06,9/20/2021,785490.520766,97
DOGE,716641.58,7/27/2020,48708.49105,98
BCH,875187.15,9/23/2012,695773.133243,99
BTC,672111.02,8/12/2011,430260.903111,100
ADA,673514.31,9/19/2022,617466.372982,101
BTC,521076.73,10/27/2012,200683.857183,102
LTC,794026.33,10/4/2010,27824.84472,103
BNB,476678.81,6/1/2019,799582.743849,104
BNB,774546.27,11/30/2019,121374.478598,105
XRP,535025.83,12/26/2016,727251.973099,106
DOGE,902613.01,6/1/2013,167710.289473,107
DOT,147615.94,2/4/2012,156932.644899,108
DOGE,958887.27,3/16/2011,786533.22114,109
BCH,543489.06,7/21/2010,435250.433662,110
XRP,356389.23,6/15/2013,910300.994216,111
DOT,468675.41,7/25/2012,189232.733656,112
BNB,542017.74,8/3/2013,517079.052036,113
ADA,409126.07,11/14/2011,575425.562211,114
BCH,778536.63,10/7/2012,283803.574201,115
LTC,507274.85,6/21/2013,896199.547513,116
BNB,248975.52,1/7/2021,302056.664408,117
LTC,916241.27,2/20/2010,226097.312155,118
BNB,864741.73,9/8/2014,778477.234878,119
XRP,141933.92,12/18/2018,537457.554288,120
UNI,442972.36,6/17/2022,999644.805051,121
XRP,823403.46,8/1/2013,37447.062128,122
BNB,439330.49,1/16/2013,809636.496623,123
DOT,208297.64,12/10/2022,600316.459783,124
UNI,760065.62,11/2/2015,733713.512583,125
DOT,271975.49,5/7/2015,233100.382811,126
ADA,84733.23,7/9/2019,336113.558343,127
BTC,217183.69,5/9/2021,534012.511979,128
BTC,204888.46,4/5/2017,637901.532765,129
BNB,472286.4,9/14/2016,475636.757612,130
UNI,590199.85,3/5/2020,806598.726674,131
BCH,512506.41,5/12/2011,969878.115566,132
DOT,704427.05,2/13/2013,361543.114835,133
UNI,211092.85,8/11/2014,182547.506549,134
DOGE,822041.33,12/12/2016,714384.251684,135
BTC,649529.26,9/30/2011,783697.697364,136
BNB,96314.38,3/10/2015,133125.308884,137
BTC,491119.6,10/11/2017,583589.769586,138
ETH,826619.32,2/28/2016,870156.060788,139
BCH,980053.86,7/24/2020,998281.804892,140
BTC,871664.17,7/29/2020,112169.511778,141
BTC,671996.66,6/9/2018,408382.577168,142
LTC,120589.19,6/10/2018,152277.345658,143
XRP,724366.43,11/3/2019,187730.276949,144
ADA,406134.25,2/29/2020,417290.165463,145
BTC,937967.07,2/11/2020,166465.641925,146
DOT,23783.2,4/23/2020,301561.08217,147
DOT,53547.4,5/8/2022,49905.451474,148
UNI,690557.28,5/14/2014,146203.956717,149
DOGE,98604.31,10/10/2017,50474.861614,150
ETH,359857.95,8/22/2022,135875.234889,151
DOGE,683163.15,2/15/2011,200750.210765,152
BNB,543570.86,2/22/2010,350460.033961,153
DOT,883841.52,3/16/2020,994439.450623,154
ETH,355226.54,2/13/2015,579894.820651,155
BTC,77244.47,10/6/2021,910461.009658,156
ETH,967974.34,1/16/2011,201905.940631,157
DOGE,909572.17,6/15/2012,466823.250462,158
XRP,689275.02,9/8/2011,982176.367241,159
BNB,241342.73,9/23/2012,357918.534805,160
BTC,849307.64,11/26/2012,300155.224301,161
BCH,12323.57,5/12/2012,820388.312754,162
BNB,709893.67,10/8/2018,392585.223291,163
UNI,937405.05,2/26/2016,912954.671361,164
DOT,362.32,1/28/2017,198257.045855,165
UNI,362771.02,9/28/2021,265877.523419,166
XRP,284813.68,9/24/2014,254362.153741,167
ADA,584432.61,11/8/2014,949223.496996,168
ADA,228939.01,5/30/2013,655465.168882,169
BCH,955090.61,2/1/2014,832906.044819,170
DOGE,210984.37,10/16/2016,270711.720184,171
BCH,395998.56,3/6/2020,892746.408165,172
BTC,67932.62,4/28/2012,849629.848628,173
UNI,171408.14,11/1/2021,768703.482774,174
ETH,494220.99,7/19/2018,447559.066518,175
XRP,772623.72,5/23/2015,377862.216205,176
BCH,94311.99,3/20/2014,244527.696044,177
LTC,963196.17,10/4/2010,385709.130882,178
ETH,385313.98,3/3/2015,180963.223924,179
BTC,231395.41,4/21/2016,494976.106623,180
BCH,555297.39,9/8/2020,778193.696815,181
UNI,338973.58,4/7/2012,3167.519722,182
DOT,981367.84,10/12/2019,411874.721973,183
DOGE,445167.04,10/20/2021,948124.845037,184
XRP,526324.89,1/13/2011,994988.564087,185
BTC,204632.66,3/10/2016,358912.254522,186
BTC,439052.62,2/19/2014,158157.518942,187
XRP,222265.81,5/16/2020,632225.183572,188
ADA,695964.76,8/16/2022,972316.647548,189
BTC,472156.7,12/8/2016,171837.022638,190
DOT,368660.0,7/25/2013,69723.434974,191
LTC,718900.79,1/12/2012,124018.032504,192
BTC,411144.03,3/2/2015,630666.732269,193
XRP,879091.7,7/3/2014,861989.709724,194
ETH,936945.85,10/7/2015,393659.104648,195
XRP,831321.67,2/23/2015,179896.078706,196
UNI,285595.79,3/14/2015,958563.364053,197
XRP,199578.26,7/11/2010,337847.463539,198
BCH,579891.42,6/19/2013,684250.516362,199
UNI,331412.01,4/20/2011,887661.220356,200
BNB,246248.79,3/30/2020,29923.639587,201
ADA,594870.24,6/4/2022,264068.531613,202
BTC,794144.4,2/5/2019,854423.057267,203
ETH,472655.58,2/19/2019,33791.031405,204
LTC,375727.87,6/9/2015,498627.470224,205
LTC,835171.9,7/26/2013,303928.312072,206
XRP,477420.08,8/2/2016,544530.175301,207
ADA,616307.87,2/26/2012,951497.00798,208
DOGE,425155.37,6/12/2013,531097.447657,209
XRP,132292.88,8/4/2012,950544.381035,210
ADA,79793.43,7/21/2017,319687.789632,211
DOT,505743.29,5/25/2014,308020.49693,212
BCH,220570.05,6/10/2022,679416.816587,213
ADA,331008.15,3/28/2015,948861.7242,214
XRP,486068.97,10/20/2012,925777.2687,215
DOGE,180393.86,8/18/2014,248050.037856,216
BTC,597205.44,7/27/2020,813908.06017,217
DOGE,906775.02,10/4/2019,832994.575411,218
ETH,291333.03,12/17/2010,805187.095901,219
LTC,590529.34,2/8/2016,520777.271333,220
XRP,933059.1,3/12/2010,914855.597239,221
DOT,636623.62,9/1/2020,684909.248155,222
DOT,268375.88,7/22/2020,832894.598035,223
BTC,769885.49,5/10/2022,677608.471617,224
DOT,682067.36,2/3/2020,73729.114215,225
ADA,482468.31,9/12/2019,669829.928748,226
ETH,824131.76,9/10/2019,360489.787056,227
UNI,202661.18,6/6/2012,970402.714966,228
ADA,284705.75,12/24/2010,442801.64322,229
XRP,384421.02,12/18/2012,148992.671128,230
BTC,744263.92,11/29/2013,510108.35602,231
ETH,825413.8,2/19/2013,783110.197805,232
BCH,945526.94,1/21/2021,509763.635687,233
BTC,460775.25,4/23/2015,558625.221372,234
BNB,280026.88,10/16/2021,926407.056424,235
DOGE,840112.19,11/28/2011,377932.167307,236
ADA,650883.79,12/10/2018,668821.790315,237
DOGE,839345.15,3/30/2018,874766.75857,238
ADA,55415.28,12/30/2010,518596.66488,239
UNI,185008.73,10/1/2016,82425.24731,240
LTC,765075.21,1/24/2010,746573.201478,241
LTC,285807.75,1/18/2013,884519.851914,242
ETH,359667.28,4/10/2014,180064.840439,243
DOT,400795.5,10/12/2013,23235.510244,244
UNI,316170.97,7/7/2022,144032.324131,245
BTC,42057.15,8/16/2014,497005.063607,246
DOT,884474.45,10/12/2016,893463.883722,247
UNI,729138.34,7/3/2014,187612.289286,248
ADA,858123.82,1/24/2013,434952.610054,249
LTC,630786.95,6/22/2011,799935.510594,250
XRP,808691.84,3/9/2017,68975.8875,251
DOT,65695.31,6/27/2010,634869.409241,252
BNB,355896.87,2/1/2014,844214.360899,253
LTC,151148.55,3/27/2010,576469.245759,254
BCH,545893.6,10/8/2021,907245.33219,255
LTC,444001.88,5/12/2014,576049.874134,256
BCH,528873.1,10/31/2017,823115.086337,257
DOT,611500.85,9/17/2020,503360.491247,258
DOT,806018.24,9/7/2018,174323.409917,259
BTC,545239.42,6/5/2022,993326.84449,260
BNB,922841.16,2/9/2011,631441.59216,261
BNB,209162.29,4/4/2010,498177.093475,262
XRP,955617.48,12/19/2022,992006.10254,263
UNI,766054.34,6/26/2016,576160.304523,264
DOGE,28701.16,12/7/2018,810705.205781,265
ADA,464184.05,5/26/2010,920310.716723,266
ETH,568240.01,8/4/2019,298590.316817,267
LTC,176984.57,5/10/2020,820472.559982,268
BCH,684817.05,6/28/2020,290458.458743,269
BCH,185542.49,9/3/2010,502895.544464,270
ETH,443100.24,3/31/2016,511582.374349,271
DOT,623973.63,6/30/2017,398173.818867,272
BCH,231811.54,4/12/2017,867867.050223,273
BNB,982986.84,12/25/2014,611588.560115,274
UNI,769262.08,4/21/2014,66039.259107,275
ETH,866692.89,10/13/2019,966613.507834,276
DOT,589737.34,5/19/2014,197917.225616,277
BCH,142035.81,10/30/2022,666531.771593,278
UNI,322268.05,4/19/2017,889963.133461,279
DOGE,418495.79,3/16/2017,468208.960144,280
DOGE,144395.76,4/7/2016,391271.510293,281
ADA,991596.1,6/12/2012,872448.663353,282
UNI,214787.48,1/22/2011,191552.421603,283
LTC,710453.74,4/30/2022,501280.943002,284
ETH,633517.1,4/26/2022,846428.593363,285
DOGE,140504.92,9/16/2018,679202.451808,286
LTC,254698.38,12/6/2022,309184.066229,287
BNB,34376.05,1/16/2013,498338.747705,288
UNI,189661.18,4/16/2011,771674.879909,289
BTC,769676.75,6/5/2017,134223.225066,290
BCH,756746.72,8/31/2018,968662.475951,291
BCH,203969.02,1/6/2019,595237.108507,292
XRP,723325.36,6/16/2012,381761.917915,293
ADA,425726.82,8/8/2019,485184.910301,294
XRP,766698.69,11/13/2012,44316.271551,295
BTC,729142.51,4/20/2018,280423.138734,296
ETH,812048.9,7/12/2011,178670.692821,297
ETH,103308.94,3/29/2022,322323.765867,298
UNI,225548.34,2/9/2015,242737.408981,299
DOGE,984032.99,8/1/2018,581921.159933,300
XRP,760647.29,6/25/2020,323823.773751,301
DOT,519961.01,1/20/2016,319816.892159,302
BCH,920646.58,5/2/2021,854286.786114,303
DOT,433141.32,4/23/2015,604140.301516,304
UNI,180307.2,2/22/2010,839482.729941,305
DOGE,346140.52,8/28/2022,884277.176833,306
ADA,783665.83,3/28/2021,800895.297877,307
ADA,274586.8,5/13/2013,228974.073375,308
BTC,141650.58,4/5/2012,867502.793755,309
DOGE,337002.23,9/8/2013,207821.97393,310
ETH,493264.36,3/21/2018,386883.364255,311
BNB,471434.8,11/29/2020,79222.283329,312
XRP,943163.51,6/26/2015,600379.909038,313
ADA,346265.58,12/27/2022,387422.775926,314
UNI,49521.11,1/10/2022,344755.390376,315
BNB,535493.06,12/28/2020,292092.720818,316
ADA,961149.97,4/15/2018,671788.675344,317
BTC,568405.5,6/15/2018,360794.499393,318
ADA,841284.13,1/27/2013,469979.897427,319
BCH,832565.12,4/18/2019,194319.250398,320
LTC,859648.62,7/13/2021,70575.293412,321
BNB,910628.79,9/15/2016,449062.651308,322
ADA,188805.56,4/15/2019,823750.805974,323
XRP,666549.64,2/26/2016,257862.553649,324
DOGE,620702.4,2/12/2012,142411.747215,325
BCH,979258.07,1/7/2017,976835.930509,326
BCH,659354.62,7/22/2018,443317.448426,327
BCH,92649.11,12/21/2019,235.755767,328
UNI,150370.24,7/24/2010,557781.840134,329
DOGE,463748.55,3/8/2012,329692.77942,330
BCH,169088.17,1/22/2017,856551.642626,331
BCH,716808.78,5/24/2014,190002.794179,332
ETH,111795.37,8/5/2012,546697.633055,333
BTC,897734.42,12/7/2022,19565.504564,334
UNI,625136.46,11/2/2014,513797.741696,335
ADA,806497.84,1/8/2012,455726.196465,336
BTC,57637.55,7/31/2021,282437.02712,337
DOGE,498430.25,8/18/2017,664207.925984,338
LTC,32477.96,3/9/2014,973154.79034,339
XRP,182793.27,9/20/2020,769810.202562,340
LTC,528107.71,6/7/2017,517786.321197,341
UNI,685082.87,3/3/2017,943568.209939,342
DOGE,324405.35,10/31/2010,917658.144967,343
LTC,949877.83,5/23/2013,226323.486331,344
UNI,449646.98,9/5/2014,857259.186999,345
BTC,450479.94,2/23/2022,498104.180562,346
BCH,965483.44,4/8/2012,416505.35268,347
ETH,7597.84,4/25/2020,759510.147873,348
XRP,354290.21,4/7/2012,408507.805732,349
ETH,887545.83,10/19/2019,115409.39661,350
DOGE,83545.11,3/5/2013,126939.52656,351
ETH,320855.89,9/27/2014,15571.75425,352
BCH,666740.83,3/22/2011,113520.879505,353
UNI,149449.97,1/12/2017,567577.352845,354
ETH,583214.49,5/11/2013,248900.881931,355
ADA,711536.66,8/3/2022,139595.368055,356
XRP,51203.03,12/17/2013,745357.710961,357
DOGE,207222.92,12/9/2013,316205.158868,358
BNB,778552.03,9/5/2014,634216.114463,359
XRP,682845.17,10/3/2022,929257.740723,360
DOT,957024.66,4/8/2011,455011.296552,361
DOT,982199.63,3/18/2013,787527.681138,362
XRP,134807.26,1/12/2017,345479.988456,363
XRP,335592.67,8/25/2017,502361.440605,364
DOT,184713.26,8/12/2016,761958.096839,365
DOT,173960.73,5/8/2014,310222.105176,366
LTC,808696.82,8/13/2012,474899.984629,367
LTC,353122.14,7/13/2015,710467.462371,368
BNB,113120.2,8/19/2010,57773.531715,369
BTC,937354.28,2/2/2012,599548.19876,370
XRP,869315.09,1/30/2011,80385.075664,371
LTC,276982.14,12/23/2010,566075.410753,372
ETH,338646.25,3/3/2019,714291.313429,373
UNI,68164.97,11/21/2014,949879.039401,374
UNI,442504.11,6/1/2016,620496.527343,375
BNB,793622.54,3/15/2010,827594.535599,376
DOT,227436.25,3/31/2022,231263.090068,377
BNB,699267.0,5/26/2012,927577.917908,378
ADA,892575.39,7/13/2018,778437.387061,379
UNI,315304.18,7/4/2020,828407.135621,380
LTC,114757.12,4/10/2015,734455.143229,381
DOGE,51330.98,2/23/2010,748701.733112,382
ETH,689117.23,5/26/2011,709077.224142,383
ETH,307275.67,2/14/2013,938094.194189,384
BTC,582869.0,2/6/2018,948676.915809,385
BTC,740900.68,7/11/2013,877491.071813,386
BTC,608457.75,2/10/2010,408141.251268,387
LTC,292180.71,7/22/2017,967402.13507,388
BTC,474317.35,6/21/2011,660975.575569,389
ETH,236505.95,9/7/2013,912855.999775,390
XRP,432956.78,11/2/2010,312414.778623,391
UNI,723504.76,7/4/2015,98762.677003,392
BNB,131657.91,3/18/2011,986582.02857,393
ETH,212716.5,2/21/2019,324329.308011,394
BTC,310777.52,6/15/2019,760714.533357,395
ADA,689161.05,12/20/2013,627647.973646,396
BTC,128114.42,3/29/2010,767531.396392,397
ETH,346971.21,6/3/2013,725259.007301,398
BNB,865850.78,2/22/2017,134871.560954,399
UNI,160906.17,4/24/2012,697625.066533,400
BCH,60992.95,8/7/2019,582312.791764,401
BTC,966912.33,12/26/2021,294184.011413,402
ADA,677596.13,2/29/2016,981768.460194,403
ADA,599656.25,11/4/2022,632529.350911,404
BTC,347767.57,8/3/2021,139828.292436,405
ADA,344470.42,4/5/2015,44247.299867,406
UNI,940024.21,5/12/2014,171485.992946,407
DOT,402145.93,7/5/2018,701598.104098,408
ADA,320821.02,11/5/2021,263768.861006,409
LTC,258811.45,1/9/2013,736180.840044,410
BCH,577029.28,2/27/2011,334429.613505,411
DOGE,554970.85,3/27/2010,526383.967322,412
BCH,867025.72,12/2/2019,186455.62922,413
UNI,37528.09,6/12/2014,571365.913894,414
BTC,738410.91,11/12/2017,372750.694156,415
BNB,536819.73,1/6/2020,101965.154615,416
XRP,366780.4,9/2/2017,814776.035728,417
BTC,313657.37,6/30/2013,298122.774972,418
DOGE,679586.48,12/2/2022,406757.308514,419
BCH,2108.46,4/14/2010,850734.142698,420
ADA,375270.39,9/25/2021,956628.597436,421
XRP,534527.12,10/31/2014,456719.584518,422
ADA,328099.1,8/5/2020,504219.179247,423
ETH,467141.26,5/31/2014,458349.123093,424
BCH,807969.33,6/8/2022,235760.244978,425
UNI,918184.94,12/16/2013,671784.076076,426
DOGE,468782.93,4/7/2015,986069.903677,427
XRP,84233.78,7/29/2014,574474.700083,428
LTC,37088.58,7/20/2020,402671.792658,429
BTC,349081.76,6/17/2022,819157.842538,430
DOGE,692872.02,6/23/2016,247217.747509,431
BCH,738972.62,3/18/2012,611919.661537,432
DOT,409061.73,5/20/2018,101336.687645,433
DOGE,250261.46,1/16/2011,233186.79265,434
BCH,618687.37,1/16/2021,121613.719459,435
BTC,878470.54,5/25/2022,463088.74998,436
DOGE,434752.67,3/26/2020,638338.236944,437
BCH,279839.76,1/21/2011,680258.784553,438
DOGE,499804.93,12/26/2021,166825.717901,439
XRP,628074.32,2/8/2012,437479.66379,440
BCH,71911.68,6/19/2010,917546.380188,441
BCH,430516.74,8/19/2012,642614.955133,442
ETH,695854.58,7/6/2022,698395.978057,443
BTC,794648.72,11/4/2018,294656.892256,444
ADA,602931.75,9/24/2016,999921.316679,445
BTC,317321.0,4/13/2010,621603.848043,446
LTC,822798.4,12/15/2010,901677.659809,447
BTC,389433.61,7/18/2015,906508.157757,448
DOGE,829514.48,8/7/2015,441633.053457,449
BTC,22007.91,11/19/2018,38751.45393,450
XRP,560768.99,4/7/2022,467142.174252,451
LTC,660528.87,1/28/2013,172721.078349,452
XRP,98214.91,2/28/2015,148738.781134,453
UNI,922098.71,12/21/2011,12952.621516,454
LTC,734025.41,6/20/2017,998186.920862,455
DOGE,938520.04,10/27/2010,708901.104331,456
XRP,112309.08,10/17/2015,499681.324559,457
LTC,320243.37,10/5/2019,270695.419308,458
LTC,43179.15,6/24/2015,152640.968817,459
BTC,598475.56,1/18/2012,752391.749033,460
BNB,890160.27,5/12/2022,412555.050916,461
DOGE,432937.67,11/19/2010,627078.584419,462
BCH,869547.33,3/17/2022,889958.126575,463
DOGE,135666.04,8/3/2011,704522.484935,464
BTC,182713.77,3/24/2014,662231.608096,465
DOGE,465736.26,12/21/2022,557903.026595,466
ADA,977546.94,5/22/2012,908402.657504,467
BCH,702093.13,2/2/2011,202715.353658,468
DOT,908672.98,6/17/2021,221244.030952,469
BNB,939336.45,11/3/2013,844544.226496,470
ADA,106341.21,12/4/2021,318121.783758,471
XRP,368357.82,6/23/2018,120821.148694,472
ADA,856370.59,12/27/2017,777912.966919,473
LTC,477364.13,4/9/2014,265278.962312,474
BCH,768190.41,7/9/2020,340720.757451,475
UNI,928385.84,11/3/2019,128126.616674,476
ETH,281890.2,12/9/2014,264802.188973,477
BCH,412039.13,11/1/2012,51421.015112,478
BNB,546314.54,4/24/2015,982155.064317,479
XRP,186355.9,9/1/2015,245186.507399,480
DOT,998750.39,9/27/2013,77239.404089,481
BNB,545356.78,10/20/2012,29329.278162,482
BCH,154408.63,7/13/2011,151545.211631,483
LTC,133898.01,5/24/2011,8398.990427,484
DOGE,899679.72,6/26/2015,757433.358022,485
DOT,593849.48,8/28/2018,347004.011724,486
BTC,696931.31,1/17/2019,227606.044543,487
ADA,766142.43,4/28/2022,350165.767384,488
BNB,455377.79,9/16/2022,960085.121986,489
UNI,427699.1,2/25/2017,827875.606489,490
DOT,573555.44,5/16/2015,995254.285091,491
DOGE,728786.16,6/6/2011,71050.704039,492
UNI,136086.98,10/3/2013,146197.771299,493
ETH,594266.07,1/14/2014,843163.159819,494
BNB,174636.89,12/27/2018,320228.905656,495
ETH,960897.6,1/5/2014,604921.348249,496
BNB,99736.7,7/12/2011,837000.308534,497
BNB,597549.23,11/17/2021,29070.767468,498
XRP,700850.56,6/13/2012,284248.258164,499
DOGE,235591.74,6/25/2010,575430.465602,500
UNI,501600.12,11/15/2014,387592.422558,501
XRP,515276.08,12/15/2020,65149.064157,502
BTC,4798.86,11/6/2011,919954.161166,503
DOGE,674614.82,1/22/2018,432438.22076,504
XRP,761899.44,1/23/2017,345058.551311,505
LTC,724000.56,4/24/2014,920231.589486,506
BNB,670989.71,1/31/2019,813342.107338,507
UNI,98759.26,3/19/2021,926625.782968,508
ADA,806042.85,9/25/2020,177145.884514,509
ADA,227064.89,5/4/2017,230772.56856,510
ETH,599897.88,4/18/2018,438669.347529,511
ETH,993309.85,10/20/2018,308960.570316,512
BCH,300197.84,8/16/2014,920187.338226,513
ADA,952800.54,12/30/2021,461634.041039,514
ADA,832104.46,2/23/2021,942637.295683,515
UNI,526016.46,2/2/2011,642538.992711,516
BCH,162735.62,9/11/2019,691813.470669,517
LTC,979511.26,5/27/2019,656369.665818,518
UNI,568108.26,4/23/2021,869410.909453,519
BNB,609078.56,1/6/2017,109109.11063,520
ETH,122950.06,2/9/2012,95456.612128,521
ADA,762652.33,9/16/2012,993800.904432,522
BTC,150901.58,1/19/2020,712857.568442,523
LTC,359046.84,5/18/2019,82809.351228,524
DOT,233068.06,12/20/2015,427952.71766,525
BTC,594454.9,10/27/2012,80732.848332,526
BTC,433019.12,8/15/2020,349920.526162,527
BTC,208048.77,6/9/2014,60358.179038,528
UNI,777542.83,6/29/2015,426649.739418,529
ADA,652549.84,3/16/2014,708939.521888,530
BTC,266625.8,8/21/2019,385208.217999,531
BNB,736627.21,11/9/2015,742088.737376,532
ADA,602743.34,5/3/2017,977701.183963,533
BCH,796776.33,10/27/2013,582583.995591,534
DOT,837500.32,5/27/2021,338099.870484,535
XRP,864157.82,11/1/2022,787184.866866,536
BTC,170485.65,5/13/2020,322993.940575,537
DOT,235363.74,6/12/2018,485001.178637,538
BCH,674026.27,4/9/2022,354777.582118,539
BNB,996125.89,1/10/2020,552468.630391,540
XRP,808969.27,3/27/2021,307827.403877,541
XRP,3447.55,4/21/2021,532660.278237,542
DOT,318339.78,1/28/2016,843556.860495,543
ETH,182751.52,7/27/2015,401337.985073,544
BTC,505079.3,7/23/2019,438232.827549,545
LTC,237806.25,10/3/2022,272159.478748,546
BNB,303724.59,11/21/2014,971487.083196,547
BCH,895336.26,8/7/2015,501294.822254,548
ETH,351290.87,6/19/2010,283485.731221,549
DOT,240936.28,4/26/2014,726704.686069,550
DOGE,410371.39,8/15/2020,372861.894668,551
BNB,369194.35,1/3/2013,753198.541848,552
BTC,532051.44,8/18/2016,377571.086712,553
ADA,171772.71,11/4/2017,734450.417438,554
XRP,840414.74,11/19/2021,550175.418399,555
BCH,895383.61,8/6/2021,15294.639507,556
ETH,439340.17,7/20/2020,326903.553119,557
ADA,278863.6,2/1/2021,212839.443146,558
DOT,490364.27,9/25/2017,309718.56953,559
LTC,234537.57,9/23/2012,950402.157871,560
BCH,537438.35,9/1/2020,555450.638797,561
BNB,453955.55,12/4/2013,216226.029401,562
ETH,403147.53,8/24/2011,957672.65052,563
BNB,569739.6,11/13/2014,556236.666616,564
DOGE,510263.95,12/18/2016,324556.029861,565
XRP,11004.14,1/9/2016,473873.288229,566
ADA,877121.43,4/3/2022,741557.883973,567
ADA,395152.59,10/2/2016,77714.867103,568
DOT,366918.62,12/19/2017,15710.307736,569
DOGE,143706.83,2/1/2013,283759.138965,570
ETH,13057.93,8/15/2010,438771.338443,571
BCH,728966.52,6/23/2020,62556.963251,572
LTC,741644.3,8/19/2016,515460.429673,573
ETH,186034.76,9/4/2014,934203.159415,574
DOGE,315823.18,1/5/2013,389805.707326,575
BNB,718268.96,8/24/2018,203216.719646,576
BTC,699278.33,7/27/2015,324371.252801,577
ADA,847947.06,3/4/2021,521720.647054,578
UNI,706090.88,6/19/2022,913743.78001,579
ADA,777171.61,8/2/2011,643113.018421,580
ETH,179954.59,10/9/2020,884361.847766,581
DOT,171591.28,8/5/2019,467650.116087,582
BCH,160151.03,7/28/2020,381954.193266,583
ADA,166417.17,10/14/2021,648850.287137,584
BCH,402091.22,1/22/2015,49865.318809,585
ADA,440434.88,3/7/2017,263552.858823,586
ADA,180016.18,11/14/2019,181458.275092,587
BNB,120765.91,1/28/2019,767288.649882,588
DOT,605231.17,7/14/2019,582355.322335,589
BTC,261087.36,11/20/2012,32816.264768,590
ETH,904330.75,11/28/2011,487667.109014,591
XRP,675083.62,11/26/2022,763141.731917,592
ETH,572423.74,8/30/2022,648601.852924,593
LTC,408784.97,11/23/2018,81907.916216,594
BNB,22708.77,3/16/2016,596751.409603,595
BTC,849126.3,9/27/2012,76417.906503,596
BCH,79448.08,12/19/2020,232163.055739,597
ETH,95629.86,7/2/2011,484338.774247,598
UNI,881852.14,8/6/2012,117071.204589,599
ETH,134596.48,12/11/2013,894287.3653,600
ETH,13321.01,3/8/2014,746157.037391,601
ADA,619159.36,5/22/2022,235862.062232,602
BCH,553223.85,11/16/2015,547900.050848,603
BNB,129205.7,5/7/2019,946915.078064,604
DOT,990362.11,9/4/2012,857510.977543,605
BCH,216568.21,12/19/2022,877469.52723,606
ADA,326015.11,2/17/2018,816201.85144,607
ETH,870965.7,3/9/2012,662629.469047,608
XRP,198764.45,5/29/2010,549718.525448,609
DOT,872768.33,8/11/2012,452297.734706,610
DOGE,18246.79,7/17/2014,910679.361844,611
LTC,547498.72,8/28/2019,138630.029909,612
DOT,879600.67,6/9/2019,702100.579374,613
DOGE,628982.43,1/3/2014,925754.693947,614
ADA,704552.82,3/8/2015,337358.624085,615
ADA,130362.42,8/14/2016,433812.417569,616
DOT,431858.64,9/30/2017,904917.173673,617
BTC,694100.19,7/28/2012,533099.995486,618
LTC,480485.6,10/22/2016,610627.690518,619
BCH,925396.67,11/18/2015,360964.839697,620
BCH,231063.37,3/27/2012,514996.770254,621
DOT,185208.87,5/3/2015,745313.747594,622
DOT,886845.93,4/5/2022,301188.467451,623
BNB,880265.62,8/28/2015,436488.532789,624
BNB,299319.39,4/13/2017,241451.86043,625
BTC,888335.7,7/18/2016,912831.099387,626
UNI,788637.8,10/5/2019,524670.570474,627
BCH,993177.46,2/22/2017,697307.030702,628
DOGE,461261.48,6/27/2022,445948.0381,629
DOGE,553911.46,9/24/2017,71478.936591,630
DOT,958711.35,9/27/2016,38957.066947,631
UNI,387590.05,4/27/2010,873743.459096,632
XRP,62413.39,2/2/2013,276343.513802,633
UNI,134505.29,2/28/2018,646702.139799,634
BTC,584924.73,2/20/2010,292939.639357,635
DOGE,172992.83,7/21/2016,853728.877916,636
ADA,224020.03,5/9/2014,103514.144599,637
UNI,628451.93,7/9/2011,785777.046743,638
BCH,217416.86,6/18/2011,866035.950434,639
ADA,332923.97,12/3/2021,618952.643606,640
BCH,495367.94,5/9/2015,851133.98047,641
UNI,858321.44,10/10/2017,936595.184796,642
DOGE,361347.34,5/26/2017,573450.751402,643
ETH,408896.02,3/30/2014,983230.477358,644
LTC,471865.65,2/16/2022,972880.331161,645
ADA,551813.53,3/29/2016,345501.98836,646
ETH,245730.89,8/17/2015,552399.162429,647
ETH,377999.48,6/15/2012,371019.437643,648
XRP,492716.6,2/21/2016,23436.663207,649
DOGE,519478.01,1/29/2010,380553.620355,650
BCH,700077.04,1/9/2020,657034.383901,651
ADA,893845.07,3/26/2017,24473.314598,652
XRP,366589.85,8/14/2013,917670.253664,653
UNI,359588.82,10/2/2013,743640.217744,654
LTC,21909.12,6/22/2013,349488.256547,655
LTC,657935.2,11/28/2016,841828.815885,656
DOT,14465.66,8/22/2014,80233.583238,657
BCH,14349.27,12/23/2021,354742.545419,658
UNI,526875.17,1/10/2018,63098.504944,659
DOT,580408.97,4/29/2010,152032.245384,660
DOGE,514948.67,9/18/2014,193774.669896,661
ADA,243707.85,5/9/2014,668294.737454,662
XRP,69061.71,11/11/2011,396873.939617,663
ADA,343331.9,10/7/2018,726738.783217,664
DOT,598683.69,5/10/2012,230112.386352,665
ETH,394760.96,5/21/2019,85422.62438,666
BCH,59274.13,12/2/2010,752270.85632,667
LTC,751029.34,12/27/2019,92395.029193,668
UNI,612163.08,11/18/2015,311693.595603,669
XRP,643317.86,11/19/2013,979167.871076,670
DOT,212646.07,8/19/2021,763843.075398,671
UNI,566828.41,7/23/2010,425059.011357,672
XRP,234618.61,10/28/2022,703322.157524,673
XRP,655291.72,1/6/2017,286221.087315,674
UNI,394091.05,1/5/2016,905766.903704,675
ETH,850648.19,9/28/2021,607801.79352,676
DOT,193902.55,7/2/2022,244921.104286,677
ADA,821939.53,3/1/2020,576144.62774,678
XRP,891019.54,10/21/2017,16241.584564,679
LTC,877934.48,9/10/2017,184720.489329,680
UNI,985334.63,6/7/2021,578489.60707,681
ADA,971338.55,8/17/2018,779504.968582,682
LTC,183403.83,9/26/2018,271663.37801,683
ETH,473629.64,12/14/2014,946313.617441,684
DOT,975810.95,11/16/2018,307935.944374,685
ADA,838117.65,10/27/2022,866127.83108,686
LTC,71718.76,9/4/2014,300543.96831,687
BNB,415719.55,10/5/2021,578730.713875,688
ETH,718859.55,1/28/2020,782713.341062,689
BTC,893209.35,3/9/2015,73455.822304,690
UNI,706745.37,3/30/2021,251140.002108,691
BCH,502655.14,1/5/2014,539258.795617,692
BTC,74614.24,12/26/2021,596909.44092,693
XRP,815281.22,9/6/2016,619319.020262,694
ADA,424990.49,5/3/2018,838554.094923,695
ADA,510154.33,1/6/2014,765115.709589,696
ADA,227040.37,11/22/2020,387485.850039,697
LTC,474640.41,9/26/2011,123926.82474,698
XRP,998514.22,8/4/2013,537284.448414,699
ADA,631172.33,8/11/2013,737078.055588,700
ETH,606341.65,4/18/2016,567734.058616,701
ADA,657511.04,3/12/2022,700238.655396,702
BNB,272130.05,7/23/2011,311188.825351,703
LTC,184272.66,11/12/2014,68800.643572,704
ADA,368920.0,6/14/2012,894567.531126,705
ETH,434177.59,12/22/2013,38046.767631,706
XRP,820848.77,9/14/2010,282940.898429,707
LTC,179172.63,8/14/2020,916218.691912,708
DOT,912672.88,1/20/2016,787953.993672,709
XRP,966067.44,3/20/2019,210341.616832,710
DOGE,274861.04,4/1/2022,897733.021547,711
LTC,723098.47,6/1/2014,344850.931187,712
DOGE,811251.8,1/12/2014,104342.361968,713
BNB,7165.81,5/11/2017,842242.909435,714
LTC,234331.72,1/7/2020,525552.838819,715
DOGE,796149.07,10/20/2014,522418.090822,716
UNI,570364.67,8/15/2017,597745.817447,717
UNI,535974.22,1/17/2020,400481.052865,718
DOGE,504288.85,7/21/2018,200047.613384,719
BNB,874215.43,1/9/2014,624779.669794,720
LTC,263002.75,9/25/2014,44835.587008,721
LTC,242761.17,1/10/2017,658855.660131,722
LTC,863251.76,7/15/2011,484687.168049,723
UNI,872924.24,9/20/2020,654662.563747,724
UNI,875076.61,5/12/2022,189421.335436,725
BNB,66390.79,1/4/2017,636348.632264,726
LTC,681361.6,9/5/2014,317304.690938,727
DOGE,537400.45,1/28/2013,426988.024572,728
ADA,765715.8,8/29/2019,19185.306836,729
DOGE,758929.07,8/25/2019,579349.790623,730
XRP,727736.68,5/11/2014,204180.502021,731
UNI,576586.06,1/9/2012,710753.889768,732
DOGE,52308.66,10/17/2022,747735.597494,733
ADA,310619.86,11/21/2011,679764.100105,734
XRP,39472.01,5/20/2010,870880.731838,735
ADA,53711.51,9/2/2014,473840.478986,736
BNB,268258.06,8/22/2020,19462.316229,737
LTC,269368.46,4/18/2019,959273.576657,738
XRP,627891.78,8/6/2010,694975.015095,739
BNB,88794.01,12/20/2015,262543.624936,740
UNI,91853.19,12/15/2015,775510.875998,741
LTC,775298.09,1/8/2013,203503.626363,742
XRP,703243.16,1/20/2013,525334.256023,743
ADA,159072.95,9/29/2013,656708.291923,744
XRP,55219.23,3/28/2010,949543.304644,745
XRP,685423.1,1/7/2021,227560.310248,746
BNB,76995.1,9/24/2021,298614.104216,747
UNI,409613.47,9/5/2018,311269.885458,748
UNI,293237.59,11/27/2020,978375.959563,749
XRP,984331.74,11/20/2016,734333.426021,750
BCH,408085.24,9/18/2020,214618.996644,751
DOGE,597068.47,4/18/2011,401348.409827,752
DOGE,12018.64,5/2/2011,843102.18787,753
BCH,374079.09,10/13/2011,993115.933629,754
DOGE,815760.18,1/13/2021,96539.787891,755
BNB,276949.9,3/17/2019,1893.519411,756
LTC,301591.63,5/24/2016,329392.085078,757
BNB,594024.73,6/11/2012,106290.506057,758
ETH,658568.62,9/5/2011,832994.504911,759
XRP,796745.77,11/7/2017,695554.788861,760
UNI,169288.47,1/29/2013,937456.763692,761
BTC,236334.59,7/14/2016,860811.684726,762
BNB,853804.12,2/13/2020,928402.012411,763
UNI,663175.05,10/7/2018,167094.698847,764
BTC,95836.74,6/7/2022,632518.147401,765
ETH,687834.8,7/11/2016,400305.095479,766
LTC,330822.67,12/18/2018,485127.707314,767
XRP,175987.73,1/15/2021,386941.160136,768
BCH,704800.18,1/29/2011,77817.462931,769
DOGE,858712.62,10/23/2018,964336.308957,770
BNB,164223.56,10/7/2020,995168.51362,771
ADA,637187.28,1/4/2016,70048.122905,772
ETH,560757.93,2/17/2010,488884.389523,773
BCH,981360.74,8/5/2020,175642.375412,774
BCH,620525.88,4/12/2010,156594.521747,775
XRP,69042.13,7/23/2011,999543.685147,776
XRP,480527.17,10/23/2022,323878.873817,777
LTC,880023.11,10/19/2016,768171.868285,778
BCH,943975.44,7/7/2013,210740.993117,779
XRP,769553.39,7/27/2017,736594.478111,780
LTC,821816.89,10/2/2012,680766.305927,781
ETH,646635.2,2/26/2017,736339.459984,782
ETH,56713.21,9/27/2015,195444.091594,783
ADA,195362.95,9/23/2019,301380.859757,784
XRP,357374.31,11/17/2021,520083.784345,785
BNB,167992.08,12/5/2011,885614.132057,786
BCH,792601.66,4/1/2019,831769.645503,787
DOT,408582.3,1/9/2015,384369.535966,788
XRP,557171.22,12/26/2020,868463.367701,789
XRP,8936.97,7/25/2021,238590.847148,790
XRP,34196.57,2/27/2022,125843.99533,791
ETH,260315.82,2/12/2013,896229.501569,792
BCH,762537.01,8/7/2015,446709.426364,793
BTC,289729.46,5/16/2016,672955.625076,794
ADA,762563.37,4/1/2012,985424.95152,795
BCH,263605.97,4/8/2021,297052.862542,796
BNB,598276.44,1/11/2018,141113.518071,797
DOGE,380307.38,10/24/2022,20340.998061,798
ETH,254667.19,3/13/2013,105399.579658,799
UNI,904678.93,7/18/2012,379275.367371,800
UNI,917701.44,10/15/2021,291471.65779,801
XRP,600321.0,12/11/2014,676156.331461,802
BNB,742646.09,2/20/2017,593924.331264,803
ADA,588720.58,10/25/2012,491064.298645,804
BCH,181295.91,12/18/2013,189971.063023,805
UNI,54817.13,11/9/2020,821080.110814,806
BCH,197788.3,7/10/2013,97013.671339,807
BTC,139382.16,1/12/2015,293705.363394,808
DOGE,785234.25,6/13/2010,905231.686708,809
ADA,779958.01,1/6/2012,515141.912463,810
ETH,900114.29,4/6/2016,331398.049512,811
DOT,613503.59,1/25/2018,44834.203393,812
ADA,176126.53,5/14/2015,84571.337007,813
XRP,955257.24,6/27/2010,943385.196307,814
UNI,785006.52,6/21/2022,24628.612765,815
ADA,829911.7,7/31/2022,335429.550437,816
LTC,431486.19,12/1/2019,488740.785802,817
BTC,770123.11,1/8/2017,790784.544142,818
DOGE,942812.68,4/22/2010,768128.454556,819
DOT,58251.83,9/12/2015,504463.033168,820
LTC,182189.71,6/2/2010,700137.498664,821
BCH,759399.3,8/18/2015,826020.283625,822
DOT,580847.92,7/29/2020,516441.057496,823
BCH,551042.11,6/9/2020,890740.790546,824
BCH,23581.97,4/19/2022,342919.419098,825
DOT,441305.16,4/12/2022,541657.918066,826
BTC,681915.68,4/14/2014,115149.351937,827
DOGE,860868.88,3/17/2018,702985.122247,828
BCH,131335.26,9/25/2020,999119.341106,829
XRP,698179.11,3/21/2012,129045.344175,830
ADA,765863.77,2/22/2012,187968.500144,831
XRP,446316.34,9/27/2018,384304.992608,832
BTC,875707.17,7/1/2014,220578.519962,833
XRP,826861.84,12/31/2020,666834.583556,834
XRP,747288.33,8/28/2013,386951.064913,835
UNI,494116.45,2/15/2015,742897.658844,836
BCH,906848.74,12/1/2012,16189.837039,837
ADA,843967.76,5/3/2021,377146.378731,838
ADA,277019.54,5/25/2013,334779.429506,839
UNI,194302.65,7/8/2021,851271.753143,840
BTC,275277.74,4/2/2011,960295.833642,841
UNI,912304.64,1/13/2017,726439.522763,842
BNB,544136.54,3/28/2018,376357.622585,843
DOT,808834.74,5/23/2014,531076.451916,844
BCH,674089.38,3/18/2015,349197.839792,845
LTC,609936.36,3/5/2013,229920.013903,846
BNB,423264.37,3/3/2018,439917.304075,847
BTC,566680.59,1/16/2020,508968.066808,848
DOGE,137194.46,9/7/2016,872324.800421,849
UNI,988502.48,10/11/2014,67849.447264,850
DOGE,805075.91,7/26/2014,773677.304568,851
ETH,54810.82,5/8/2010,688133.919078,852
BNB,274153.85,3/24/2011,286412.077156,853
BNB,231522.9,7/26/2012,548444.116705,854
BCH,50196.74,6/27/2014,410658.447623,855
BCH,535021.83,2/28/2010,954506.339758,856
BNB,782194.63,2/27/2013,888298.111455,857
LTC,79269.31,6/6/2017,368128.996982,858
BCH,796518.61,6/9/2022,927337.381712,859
ETH,111991.91,11/2/2013,415194.242972,860
BNB,217496.47,8/8/2010,102265.181534,861
BNB,609419.1,10/12/2015,896001.215963,862
DOGE,149227.06,6/20/2016,34387.629139,863
ETH,246699.59,12/18/2016,334462.144684,864
BTC,876966.43,6/30/2022,947105.685211,865
BNB,528160.27,5/28/2020,746788.643282,866
DOGE,59933.6,12/14/2019,833438.600085,867
LTC,522997.4,1/27/2010,494129.053513,868
BCH,653321.88,9/3/2020,701029.536413,869
UNI,414700.8,9/17/2019,308863.852278,870
DOT,534112.08,3/13/2016,815445.792587,871
DOT,992512.15,8/8/2012,740787.943471,872
DOGE,999613.75,7/31/2012,257628.702962,873
LTC,214456.91,8/20/2010,873241.148486,874
DOGE,517805.1,6/19/2015,359603.593372,875
LTC,504625.2,5/31/2015,942671.612118,876
UNI,114229.55,5/12/2012,480422.934071,877
LTC,284842.05,6/8/2011,952967.865469,878
DOT,719292.21,6/14/2016,104045.509034,879
ADA,601143.7,1/27/2017,695430.053037,880
BCH,273325.83,8/20/2014,323053.681616,881
XRP,358995.73,1/10/2020,432868.976389,882
DOGE,67660.96,8/1/2011,157205.613918,883
ETH,355109.77,12/23/2018,281373.453163,884
UNI,487112.16,9/3/2014,305021.535312,885
LTC,411252.13,10/22/2015,973157.06758,886
LTC,674767.72,5/26/2016,685066.279469,887
ETH,429108.6,5/16/2017,920649.641346,888
BCH,801863.24,4/23/2021,638949.163279,889
ETH,310577.93,11/10/2020,761107.819722,890
BCH,267461.3,4/25/2015,891873.870404,891
BNB,840043.42,4/22/2014,982592.557653,892
BCH,176245.38,9/15/2022,489422.021743,893
DOGE,390903.35,9/28/2022,233345.570172,894
UNI,496948.23,3/9/2011,629035.609896,895
ADA,189576.8,1/16/2020,264438.227909,896
DOGE,319035.74,9/4/2019,128830.774891,897
XRP,377992.57,11/9/2010,367382.940469,898
DOT,172572.58,10/14/2019,735681.806679,899
DOGE,501047.89,6/14/2022,983757.157227,900
UNI,182211.06,6/9/2014,444404.529933,901
BCH,633864.7,12/17/2016,610537.407671,902
BCH,901132.21,2/3/2011,713190.014668,903
LTC,939405.56,1/2/2019,292223.591362,904
BNB,356237.35,11/2/2012,512552.806923,905
BTC,903965.2,11/16/2019,510344.524301,906
BCH,465999.53,4/16/2020,966663.475267,907
XRP,170723.83,7/6/2014,946470.265537,908
BTC,1971.38,6/19/2010,389829.956169,909
LTC,660739.17,5/21/2021,958367.677505,910
DOT,658562.05,11/24/2020,871691.490657,911
ETH,699512.28,6/23/2012,555861.196744,912
BNB,797389.63,12/23/2018,443426.319185,913
ETH,531459.05,2/15/2018,588819.772287,914
BCH,632520.82,11/7/2021,30377.636598,915
XRP,998445.42,7/19/2017,214121.230994,916
XRP,653415.63,2/13/2016,861964.250221,917
ADA,614536.19,6/16/2013,161528.367212,918
BNB,664893.55,2/4/2021,599766.787382,919
XRP,155688.33,6/25/2011,811002.080032,920
DOT,672344.9,4/12/2018,594314.590257,921
XRP,974790.04,2/4/2017,357541.397739,922
ADA,262361.91,12/7/2021,638754.943146,923
LTC,765098.69,6/24/2018,786158.916954,924
DOGE,807596.28,7/16/2018,226329.310419,925
DOT,214412.82,9/19/2017,281116.366427,926
ETH,202770.61,9/18/2019,196157.401536,927
UNI,99045.73,8/31/2017,562833.679171,928
XRP,594776.08,5/15/2015,462274.664723,929
LTC,814738.26,1/1/2018,837152.996042,930
BTC,114212.45,12/14/2014,502040.090059,931
XRP,272386.72,2/8/2018,266740.896139,932
DOT,348426.79,6/29/2018,299709.967027,933
DOT,815261.45,1/6/2016,69475.4715,934
BCH,137483.48,3/23/2013,344030.776472,935
UNI,898528.2,10/6/2016,192923.127982,936
ADA,263266.5,12/16/2010,82411.530251,937
UNI,669562.91,4/26/2018,173455.116112,938
ETH,517572.14,3/5/2022,293171.888657,939
ADA,613662.4,6/29/2012,221869.63043,940
BTC,949499.9,9/26/2016,924374.778241,941
ETH,164379.38,3/31/2019,988825.68288,942
DOT,683561.67,5/11/2013,672033.207274,943
BCH,405242.1,12/17/2015,475271.964593,944
BCH,875451.24,8/27/2010,773984.845963,945
UNI,199271.5,9/22/2013,809952.419981,946
BTC,350492.18,4/23/2017,814670.510005,947
BCH,334721.18,7/24/2018,739863.431789,948
BTC,483389.36,7/1/2014,123011.537019,949
LTC,781081.83,12/26/2010,521389.673716,950
UNI,434406.39,1/4/2014,481429.246176,951
DOT,752722.55,2/4/2011,938796.927811,952
BTC,647468.64,12/4/2019,446141.07522,953
LTC,837354.95,4/8/2013,391746.769665,954
DOT,318648.63,5/15/2011,113296.754857,955
BNB,967713.36,12/15/2011,703025.161206,956
BCH,705712.53,4/4/2018,638703.85925,957
ETH,793132.38,10/9/2011,486736.873726,958
ADA,280511.37,1/24/2016,202241.48244,959
UNI,988588.44,4/29/2012,415679.025086,960
DOT,262625.59,12/11/2018,579593.938605,961
DOGE,25234.29,7/2/2012,845750.485968,962
UNI,319732.43,5/29/2014,623787.955752,963
DOGE,152850.84,4/19/2012,665116.592235,964
DOT,968698.76,11/7/2011,823695.083025,965
DOT,737577.1,11/7/2020,559295.486251,966
BTC,700362.48,3/24/2010,39853.054927,967
BCH,497787.32,7/17/2019,403214.7969,968
DOGE,906534.35,3/3/2017,91001.511008,969
BCH,976392.41,11/16/2013,890432.316954,970
BTC,49350.29,6/24/2011,765567.055399,971
XRP,127555.55,2/22/2011,274140.278056,972
ADA,359830.54,9/27/2017,25721.149209,973
BCH,218329.16,8/10/2020,874561.648143,974
XRP,260787.57,10/3/2012,590033.861178,975
XRP,159065.74,9/7/2017,503442.166227,976
DOT,340723.49,9/29/2011,144798.21907,977
ADA,255965.29,8/16/2010,694781.553544,978
BCH,826095.56,11/19/2012,525341.868115,979
BTC,765011.39,11/20/2015,247516.800914,980
XRP,637987.54,8/27/2012,891600.096664,981
BCH,362529.46,10/26/2017,651733.0886,982
DOT,925008.19,9/12/2017,642683.102801,983
BTC,930676.55,7/27/2011,885399.889477,984
BCH,60023.08,7/3/2016,125644.77718,985
DOGE,56545.09,2/2/2015,909647.237045,986
UNI,624860.94,12/30/2020,197740.242077,987
UNI,363882.38,2/2/2012,513581.789548,988
ETH,557197.09,6/19/2022,244004.651089,989
UNI,423875.74,4/6/2015,815839.323593,990
XRP,636791.55,12/14/2010,328534.86909,991
UNI,662367.05,2/14/2012,42497.817796,992
UNI,544755.03,11/10/2016,651581.536754,993
LTC,335554.84,1/26/2015,9145.071709,994
ADA,522942.65,7/26/2016,771402.574598,995
XRP,62331.87,12/22/2016,908255.960682,996
XRP,869828.62,1/14/2014,492984.13832,997
BNB,627358.19,8/26/2014,351440.091251,998
XRP,371291.7,11/13/2018,88404.347925,999
ETH,680593.44,5/16/2012,961612.51864,1000
